titles,links,doi,date_published,citations,cran,bioconductor,repo_link,repo_link_manual,package_install,package_name,issues,contributors,vignettes,tests,last_commit,on_cran,was_on_cran,yearly_downloads
ggtree: an r package for visualization and annotation of phylogenetic trees with their covariates and other associated data,https://besjournals.onlinelibrary.wiley.com/doi/10.1111/2041-210X.12628,2041-210X.12628,2016-08-16,448,FALSE,TRUE,NA,https://github.com/YuLab-SMU/ggtree,FALSE,ggtree,103,26,TRUE,TRUE,2022-11-21 02:59:08,FALSE,FALSE,0
codyn: An r package of community dynamics metrics,https://besjournals.onlinelibrary.wiley.com/doi/10.1111/2041-210X.12569,2041-210X.12569,2016-04-02,114,TRUE,FALSE,https://github.com/laurenmh/codyn,https://github.com/laurenmh/codyn,FALSE,codyn,9,11,TRUE,TRUE,2022-06-14 23:33:57,TRUE,TRUE,6160
letsR: a new R package for data handling and analysis in macroecology,https://besjournals.onlinelibrary.wiley.com/doi/10.1111/2041-210X.12401,2041-210X.12401,2015-05-02,106,TRUE,FALSE,https://github.com/macroecology/letsR,https://github.com/macroecology/letsR,FALSE,letsR,1,3,FALSE,TRUE,2022-10-11 16:26:57,TRUE,FALSE,5699
IPMpack: an R package for integral projection models,https://besjournals.onlinelibrary.wiley.com/doi/10.1111/2041-210x.12001,2041-210x.12001,2012-12-10,69,FALSE,FALSE,NA,NA,FALSE,IPMpack,NA,NA,NA,NA,NA,FALSE,FALSE,1185
warbleR: an r package to streamline analysis of animal acoustic signals,https://besjournals.onlinelibrary.wiley.com/doi/10.1111/2041-210X.12624,2041-210X.12624,2016-08-17,88,TRUE,FALSE,https://github.com/maRce10/warbleR,https://github.com/maRce10/warbleR,TRUE,warbleR,4,4,TRUE,FALSE,2022-11-30 17:09:27,TRUE,FALSE,10014
TR8: an R package for easily retrieving plant species traits,https://besjournals.onlinelibrary.wiley.com/doi/10.1111/2041-210X.12327,2041-210X.12327,2014-12-12,32,TRUE,FALSE,https://github.com/GioBo/TR8,https://github.com/GioBo/TR8,TRUE,TR8,21,1,TRUE,TRUE,2022-06-09 21:51:12,TRUE,FALSE,4388
diveRsity: An R package for the estimation and exploration of population genetics parameters and their associated errors,https://besjournals.onlinelibrary.wiley.com/doi/10.1111/2041-210X.12067,2041-210X.12067,2013-05-11,788,TRUE,FALSE,NA,NA,TRUE,diveRsity,NA,NA,NA,NA,NA,TRUE,FALSE,13461
enaR: An r package for Ecosystem Network Analysis,https://besjournals.onlinelibrary.wiley.com/doi/10.1111/2041-210X.12282,2041-210X.12282,2014-10-28,85,TRUE,FALSE,https://github.com/TheSeeLab/enaR,https://github.com/TheSeeLab/enaR,FALSE,enaR,27,5,TRUE,FALSE,2018-05-17 22:44:15,FALSE,FALSE,1316
mvmorph: an r package for fitting multivariate evolutionary models to morphometric data,https://besjournals.onlinelibrary.wiley.com/doi/10.1111/2041-210X.12420,2041-210X.12420,2015-06-11,202,TRUE,FALSE,https://github.com/JClavel/mvMORPH,https://github.com/JClavel/mvMORPH,FALSE,mvmorph,1,3,TRUE,TRUE,2022-11-10 17:10:11,FALSE,FALSE,0
RInSp: an r package for the analysis of individual specialization in resource use,https://besjournals.onlinelibrary.wiley.com/doi/10.1111/2041-210X.12079,2041-210X.12079,2013-06-14,126,TRUE,FALSE,https://github.com/Nicola-Zaccarelli/RInSp,https://github.com/Nicola-Zaccarelli/RInSp,FALSE,RInSp,1,1,FALSE,FALSE,2015-04-15 19:26:53,TRUE,FALSE,5489
TropFishR: an R package for fisheries analysis with length-frequency data,https://besjournals.onlinelibrary.wiley.com/doi/10.1111/2041-210X.12791,2041-210X.12791,2017-04-12,89,FALSE,FALSE,https://github.com/tokami/TropFishR/,https://github.com/tokami/TropFishR,FALSE,TropFishR,8,3,TRUE,FALSE,2022-12-15 09:58:55,TRUE,FALSE,8232
iNEXT: an R package for rarefaction and extrapolation of species diversity (Hill numbers),https://besjournals.onlinelibrary.wiley.com/doi/10.1111/2041-210X.12613,2041-210X.12613,2016-06-28,1476,TRUE,FALSE,https://github.com/JohnsonHsieh/iNEXT,https://github.com/JohnsonHsieh/iNEXT,FALSE,iNEXT,39,4,TRUE,TRUE,2022-08-29 10:57:51,TRUE,FALSE,24783
BarcodingR: an integrated r package for species identification using DNA barcodes,https://besjournals.onlinelibrary.wiley.com/doi/10.1111/2041-210X.12682,2041-210X.12682,2016-10-14,30,TRUE,FALSE,https://github.com/zhangab2008/BarcodingR,https://github.com/zhangab2008/BarcodingR,FALSE,BarcodingR,0,1,FALSE,FALSE,2016-07-14 06:01:44,TRUE,FALSE,4593
moveHMM: an R package for the statistical modelling of animal movement data using hidden Markov models,https://besjournals.onlinelibrary.wiley.com/doi/10.1111/2041-210X.12578,2041-210X.12578,2016-04-21,187,TRUE,FALSE,https://github.com/TheoMichelot/moveHMM,https://github.com/TheoMichelot/moveHMM,FALSE,moveHMM,0,6,TRUE,TRUE,2022-06-17 11:50:19,TRUE,FALSE,7702
biomass: an r package for estimating above-ground biomass and its uncertainty in tropical forests,https://besjournals.onlinelibrary.wiley.com/doi/10.1111/2041-210X.12753,2041-210X.12753,2017-02-03,169,TRUE,FALSE,NA,https://github.com/umr-amap/BIOMASS,TRUE,BIOMASS,7,5,TRUE,TRUE,2022-04-04 13:03:59,TRUE,FALSE,9059
geomorph: an r package for the collection and analysis of geometric morphometric shape data,https://besjournals.onlinelibrary.wiley.com/doi/10.1111/2041-210X.12035,2041-210X.12035,2013-01-25,1284,TRUE,FALSE,NA,https://github.com/geomorphR/geomorph,FALSE,geomorph,0,4,TRUE,FALSE,2022-09-22 21:01:47,TRUE,TRUE,28449
inbreedR: an R package for the analysis of inbreeding based on genetic markers,https://besjournals.onlinelibrary.wiley.com/doi/10.1111/2041-210X.12588,2041-210X.12588,2016-05-20,107,TRUE,FALSE,NA,https://github.com/mastoffel/inbreedR,FALSE,inbreedR,3,1,TRUE,TRUE,2022-02-02 09:48:54,TRUE,FALSE,4765
frair: an R package for fitting and comparing consumer functional responses,https://besjournals.onlinelibrary.wiley.com/doi/10.1111/2041-210X.12784,2041-210X.12784,2017-04-04,125,TRUE,FALSE,https://github.com/dpritchard/frair,https://github.com/dpritchard/frair,FALSE,frair,29,1,FALSE,TRUE,2017-03-25 21:29:33,TRUE,TRUE,3598
SIMR: an R package for power analysis of generalized linear mixed models by simulation,https://besjournals.onlinelibrary.wiley.com/doi/10.1111/2041-210X.12504,2041-210X.12504,2015-11-17,763,TRUE,FALSE,NA,https://github.com/pitakakariki/simr,FALSE,simr,175,4,TRUE,TRUE,2022-03-08 09:12:31,TRUE,TRUE,17517
LEA: An R package for landscape and ecological association studies,https://besjournals.onlinelibrary.wiley.com/doi/10.1111/2041-210X.12382,2041-210X.12382,2015-04-02,572,FALSE,TRUE,NA,NA,TRUE,LEA,NA,NA,NA,NA,NA,FALSE,FALSE,0
vortexR: an R package for post Vortex simulation analysis,https://besjournals.onlinelibrary.wiley.com/doi/10.1111/2041-210X.12786,2041-210X.12786,2017-04-04,12,TRUE,FALSE,https://github.com/carlopacioni/vortexR,https://github.com/carlopacioni/vortexR,FALSE,vortexR,22,2,TRUE,TRUE,2022-05-03 01:24:43,FALSE,FALSE,2263
"BAT – Biodiversity Assessment Tools, an R package for the measurement and estimation of alpha and beta taxon, phylogenetic and functional diversity",https://besjournals.onlinelibrary.wiley.com/doi/10.1111/2041-210X.12310,2041-210X.12310,2014-11-16,179,TRUE,FALSE,NA,NA,FALSE,BAT,NA,NA,NA,NA,NA,TRUE,FALSE,15924
meteR: an r package for testing the maximum entropy theory of ecology,https://besjournals.onlinelibrary.wiley.com/doi/10.1111/2041-210X.12625,2041-210X.12625,2016-08-17,9,TRUE,FALSE,NA,https://github.com/cmerow/meteR,FALSE,meteR,1,2,TRUE,TRUE,2019-08-20 22:00:28,TRUE,FALSE,3023
camtrapR: an R package for efficient camera trap data management,https://besjournals.onlinelibrary.wiley.com/doi/10.1111/2041-210X.12600,2041-210X.12600,2016-06-03,162,TRUE,FALSE,NA,https://github.com/jniedballa/camtrapR,FALSE,camtrapR,13,2,TRUE,TRUE,2022-12-16 16:18:59,TRUE,FALSE,13553
BAMMtools: an R package for the analysis of evolutionary dynamics on phylogenetic trees,https://besjournals.onlinelibrary.wiley.com/doi/10.1111/2041-210X.12199,2041-210X.12199,2014-04-22,512,TRUE,FALSE,https://github.com/macroevolution/bammtools,https://github.com/macroevolution/bammtools,FALSE,BAMMtools,8,7,FALSE,FALSE,2022-11-11 17:08:47,TRUE,FALSE,22248
PrimerMiner: an r package for development and in silico validation of DNA metabarcoding primers,https://besjournals.onlinelibrary.wiley.com/doi/10.1111/2041-210X.12687,2041-210X.12687,2016-10-18,57,TRUE,FALSE,https://github.com/VascoElbrecht/PrimerMiner,https://github.com/VascoElbrecht/PrimerMiner,TRUE,PrimerMiner,22,1,FALSE,FALSE,2019-09-20 09:01:12,FALSE,FALSE,0
FLightR: an r package for reconstructing animal paths from solar geolocation loggers,https://besjournals.onlinelibrary.wiley.com/doi/10.1111/2041-210X.12765,2041-210X.12765,2017-03-10,50,TRUE,FALSE,https://github.com/eldarrak/FLightR#readme,https://github.com/eldarrak/FLightR,FALSE,FLightR,0,3,TRUE,TRUE,2022-07-14 09:11:54,TRUE,FALSE,3963
"mizer: an R package for multispecies, trait-based and community size spectrum ecological modelling",https://besjournals.onlinelibrary.wiley.com/doi/10.1111/2041-210X.12256,2041-210X.12256,2014-08-28,65,TRUE,FALSE,https://github.com/drfinlayscott/mizer,https://github.com/drfinlayscott/mizer,FALSE,mizer,47,10,TRUE,TRUE,2022-12-20 08:27:39,TRUE,TRUE,5810
rotl: an R package to interact with the Open Tree of Life data,https://besjournals.onlinelibrary.wiley.com/doi/10.1111/2041-210X.12593,2041-210X.12593,2016-05-27,166,TRUE,FALSE,https://github.com/ropensci/rotl,https://github.com/ropensci/rotl,FALSE,rotl,20,10,TRUE,TRUE,2022-10-06 15:06:13,TRUE,TRUE,60331
StereoMorph: an R package for the collection of 3D landmarks and curves using a stereo camera set-up,https://besjournals.onlinelibrary.wiley.com/doi/10.1111/2041-210X.12326,2041-210X.12326,2014-12-10,68,TRUE,FALSE,https://github.com/aaronolsen/StereoMorph,https://github.com/aaronolsen/StereoMorph,FALSE,StereoMorph,0,2,FALSE,FALSE,2022-05-24 18:06:19,TRUE,FALSE,6880
ctmm: an r package for analyzing animal relocation data as a continuous-time stochastic process,https://besjournals.onlinelibrary.wiley.com/doi/10.1111/2041-210X.12559,2041-210X.12559,2016-03-22,208,FALSE,FALSE,NA,https://github.com/ctmm-initiative/ctmm,FALSE,ctmm,5,3,TRUE,FALSE,2022-12-16 14:55:30,TRUE,TRUE,20011
marked: an R package for maximum likelihood and Markov Chain Monte Carlo analysis of capture–recapture data,https://besjournals.onlinelibrary.wiley.com/doi/10.1111/2041-210X.12065,2041-210X.12065,2013-04-30,67,TRUE,FALSE,NA,NA,FALSE,marked,NA,NA,NA,NA,NA,TRUE,TRUE,8167
"pavo: an R package for the analysis, visualization and organization of spectral data",https://besjournals.onlinelibrary.wiley.com/doi/10.1111/2041-210X.12069,2041-210X.12069,2013-05-22,216,TRUE,FALSE,https://github.com/rmaia/pavo,https://github.com/rmaia/pavo,FALSE,pavo,33,5,TRUE,TRUE,2022-11-10 09:18:38,TRUE,TRUE,9368
CMRnet: An r package to derive networks of social interactions and movement from mark–recapture data,https://besjournals.onlinelibrary.wiley.com/doi/10.1111/2041-210X.13502,2041-210X.13502,2020-10-08,2,FALSE,FALSE,https://github.com/matthewsilk/CMRnet,https://github.com/matthewsilk/CMRnet,FALSE,CMRnet,0,2,TRUE,FALSE,2022-11-11 10:47:38,FALSE,FALSE,0
nupoint: An R package for density estimation from point transects in the presence of nonuniform animal density,https://besjournals.onlinelibrary.wiley.com/doi/10.1111/2041-210X.12058,2041-210X.12058,2013-04-01,8,FALSE,FALSE,NA,https://sourceforge.net/projects/nupoint,FALSE,nupoint,NA,NA,NA,NA,NA,FALSE,FALSE,0
RClone: a package to identify MultiLocus Clonal Lineages and handle clonal data sets in r.,https://besjournals.onlinelibrary.wiley.com/doi/10.1111/2041-210X.12550,2041-210X.12550,2016-02-15,67,TRUE,FALSE,https://github.com/dbailleul/RClone,https://github.com/dbailleul/RClone,FALSE,RClone,2,1,TRUE,TRUE,2021-05-15 09:56:04,FALSE,FALSE,2488
ENMeval: An R package for conducting spatially independent evaluations and estimating optimal model complexity for Maxent ecological niche models,https://besjournals.onlinelibrary.wiley.com/doi/10.1111/2041-210X.12261,2041-210X.12261,2014-09-03,869,TRUE,FALSE,NA,https://github.com/jamiemkass/ENMeval,FALSE,ENMeval,6,5,TRUE,TRUE,2022-11-13 22:43:30,TRUE,FALSE,31077
RPANDA: an R package for macroevolutionary analyses on phylogenetic trees,https://besjournals.onlinelibrary.wiley.com/doi/10.1111/2041-210X.12526,2041-210X.12526,2015-12-15,153,TRUE,FALSE,https://github.com/hmorlon/PANDA,https://github.com/hmorlon/PANDA,TRUE,RPANDA,6,14,FALSE,TRUE,2022-10-07 15:06:29,TRUE,FALSE,6558
"Facilitating systematic reviews, data extraction and meta-analysis with the metagear package for r",https://besjournals.onlinelibrary.wiley.com/doi/10.1111/2041-210X.12472,2041-210X.12472,2015-09-05,104,TRUE,FALSE,https://github.com/cran/metagear,https://github.com/mjlajeunesse/metagear,FALSE,metagear,0,1,TRUE,TRUE,2021-05-05 13:58:29,TRUE,TRUE,8925
PASTIS: an R package to facilitate phylogenetic assembly with soft taxonomic inferences,https://besjournals.onlinelibrary.wiley.com/doi/10.1111/2041-210X.12117,2041-210X.12117,2013-09-24,61,TRUE,FALSE,NA,NA,FALSE,pastis,NA,NA,NA,NA,NA,FALSE,TRUE,2494
"PHYLOMETRICS: an R package for detecting macroevolutionary patterns, using phylogenetic metrics and backward tree simulation",https://besjournals.onlinelibrary.wiley.com/doi/10.1111/2041-210X.12531,2041-210X.12531,2015-12-29,17,TRUE,FALSE,NA,NA,FALSE,phylometrics,NA,NA,NA,NA,NA,TRUE,FALSE,2746
"Emon: an R-package to support the design of marine ecological and environmental studies, surveys and monitoring programmes",https://besjournals.onlinelibrary.wiley.com/doi/10.1111/2041-210X.12748,2041-210X.12748,2017-01-28,9,FALSE,FALSE,NA,NA,FALSE,emon,NA,NA,NA,NA,NA,TRUE,TRUE,5412
Rphylip: an R interface for PHYLIP,https://besjournals.onlinelibrary.wiley.com/doi/10.1111/2041-210X.12233,2041-210X.12233,2014-07-19,40,TRUE,FALSE,https://github.com/liamrevell/Rphylip,https://github.com/liamrevell/Rphylip,FALSE,Rphylip,7,2,FALSE,FALSE,2020-05-07 04:20:42,FALSE,FALSE,2597
qfasar: quantitative fatty acid signature analysis with R,https://besjournals.onlinelibrary.wiley.com/doi/10.1111/2041-210X.12740,2041-210X.12740,2017-01-23,32,TRUE,FALSE,NA,NA,FALSE,qfasar,NA,NA,NA,NA,NA,TRUE,TRUE,3136
paco: implementing Procrustean Approach to Cophylogeny in R,https://besjournals.onlinelibrary.wiley.com/doi/10.1111/2041-210X.12736,2041-210X.12736,2017-01-24,45,TRUE,FALSE,https://github.com/PoisotLab/paco,https://github.com/PoisotLab/paco,FALSE,paco,1,2,FALSE,TRUE,2020-10-01 12:49:22,TRUE,TRUE,4183
Synchrony: quantifying variability in space and time,https://besjournals.onlinelibrary.wiley.com/doi/10.1111/2041-210X.12188,2041-210X.12188,2014-03-28,77,FALSE,FALSE,NA,https://synchrony.r-forge.r-project.org,FALSE,synchrony,NA,NA,NA,NA,NA,TRUE,TRUE,4782
SIDIER: substitution and indel distances to infer evolutionary relationships,https://besjournals.onlinelibrary.wiley.com/doi/10.1111/2041-210X.12118,2041-210X.12118,2013-09-24,19,FALSE,FALSE,NA,NA,FALSE,sidier,NA,NA,NA,NA,NA,TRUE,TRUE,4295
EasyABC: performing efficient approximate Bayesian computation sampling schemes using R,https://besjournals.onlinelibrary.wiley.com/doi/10.1111/2041-210X.12050,2041-210X.12050,2013-03-11,46,FALSE,FALSE,NA,https://easyabc.r-forge.r-project.org,FALSE,EasyABC,NA,NA,NA,NA,NA,TRUE,FALSE,5243
PopGenReport: simplifying basic population genetic analyses in R,https://besjournals.onlinelibrary.wiley.com/doi/10.1111/2041-210X.12158,2041-210X.12158,2014-01-15,312,TRUE,FALSE,NA,https://github.com/green-striped-gecko/PopGenReport,TRUE,PopGenReport,7,1,TRUE,FALSE,2022-06-18 10:01:37,TRUE,FALSE,13094
rptR: repeatability estimation and variance decomposition by generalized linear mixed-effects models,https://besjournals.onlinelibrary.wiley.com/doi/10.1111/2041-210X.12797,2041-210X.12797,2017-04-21,725,TRUE,FALSE,https://github.com/mastoffel/rptR,https://github.com/mastoffel/rptR,FALSE,rptR,1,4,TRUE,TRUE,2021-08-05 13:57:14,TRUE,FALSE,8206
Animal social network inference and permutations for ecologists in R using asnipe,https://besjournals.onlinelibrary.wiley.com/doi/10.1111/2041-210X.12121,2041-210X.12121,2013-09-30,185,FALSE,FALSE,NA,NA,FALSE,asnipe,NA,NA,NA,NA,NA,TRUE,TRUE,10391
Cheddar: analysis and visualisation of ecological communities in R,https://besjournals.onlinelibrary.wiley.com/doi/10.1111/2041-210X.12005,2041-210X.12005,2012-11-23,68,TRUE,FALSE,https://github.com/quicklizard99/cheddar/,https://github.com/quicklizard99/cheddar,FALSE,cheddar,1,1,TRUE,TRUE,2022-08-21 19:54:24,TRUE,TRUE,8294
fuzzySim: applying fuzzy logic to binary similarity indices in ecology,https://besjournals.onlinelibrary.wiley.com/doi/10.1111/2041-210X.12372,2041-210X.12372,2015-03-14,72,FALSE,FALSE,https://fuzzysim.r-forge.r-project.org/,https://fuzzysim.r-forge.r-project.org,FALSE,fuzzySim,NA,NA,NA,NA,NA,TRUE,FALSE,8076
stagePop: modelling stage-structured populations in r,https://besjournals.onlinelibrary.wiley.com/doi/10.1111/2041-210X.12445,2041-210X.12445,2015-07-24,11,TRUE,FALSE,https://github.com/HelenKettle/StagePop,https://github.com/HelenKettle/StagePop,TRUE,stagePop,0,2,FALSE,FALSE,2015-05-13 12:45:26,TRUE,FALSE,3241
boral – Bayesian Ordination and Regression Analysis of Multivariate Abundance Data in r,https://besjournals.onlinelibrary.wiley.com/doi/10.1111/2041-210X.12514,2041-210X.12514,2015-11-27,172,TRUE,FALSE,NA,NA,FALSE,boral,NA,NA,NA,NA,NA,TRUE,TRUE,10465
agTrend: A Bayesian approach for estimating trends of aggregated abundance,https://besjournals.onlinelibrary.wiley.com/doi/10.1111/2041-210X.12231,2041-210X.12231,2014-07-18,16,FALSE,FALSE,https://github.com/NMML/agTrend,https://github.com/NMML/agTrend,FALSE,agTrend,0,1,FALSE,FALSE,2018-01-26 22:33:36,FALSE,FALSE,0
rSPACE: Spatially based power analysis for conservation and ecology,https://besjournals.onlinelibrary.wiley.com/doi/10.1111/2041-210X.12369,2041-210X.12369,2015-03-11,14,TRUE,FALSE,https://github.com/mmellis/rSPACE,https://github.com/mmellis/rSPACE,FALSE,rSPACE,12,1,FALSE,FALSE,2020-07-10 15:39:49,FALSE,FALSE,432
"piecewiseSEM: Piecewise structural equation modelling in r for ecology, evolution, and systematics",https://besjournals.onlinelibrary.wiley.com/doi/10.1111/2041-210X.12512,2041-210X.12512,2015-11-26,1656,TRUE,FALSE,https://github.com/jslefche/piecewiseSEM,https://github.com/jslefche/piecewiseSEM,FALSE,piecewiseSEM,27,5,TRUE,FALSE,2022-12-04 17:29:35,TRUE,FALSE,30262
Bayesian hierarchical models for spatially misaligned data in R,https://besjournals.onlinelibrary.wiley.com/doi/10.1111/2041-210X.12189,2041-210X.12189,2014-05-10,13,TRUE,FALSE,NA,NA,FALSE,spBayes,NA,NA,NA,NA,NA,TRUE,FALSE,15615
A simple approach for maximizing the overlap of phylogenetic and comparative data,https://besjournals.onlinelibrary.wiley.com/doi/10.1111/2041-210X.12517,2041-210X.12517,2015-11-30,26,TRUE,FALSE,https://github.com/traitecoevo/phyndr,https://github.com/traitecoevo/phyndr,FALSE,phyndr,5,3,FALSE,TRUE,2017-10-16 19:27:47,FALSE,TRUE,119
Congruification: support for time scaling large phylogenetic trees,https://besjournals.onlinelibrary.wiley.com/doi/10.1111/2041-210X.12051,2041-210X.12051,2013-03-18,42,FALSE,FALSE,NA,NA,FALSE,geiger,NA,NA,NA,NA,NA,TRUE,TRUE,49018
Similarity in spatial utilization distributions measured by the earth mover's distance,https://besjournals.onlinelibrary.wiley.com/doi/10.1111/2041-210X.12649,2041-210X.12649,2016-10-06,18,TRUE,FALSE,NA,https://gitlab.com/bartk/move,FALSE,move,NA,NA,NA,NA,NA,TRUE,TRUE,19293
MEMGENE: Spatial pattern detection in genetic distance data,https://besjournals.onlinelibrary.wiley.com/doi/10.1111/2041-210X.12240,2041-210X.12240,2014-08-06,70,TRUE,FALSE,NA,NA,TRUE,memgene,NA,NA,NA,NA,NA,TRUE,TRUE,4196
deBInfer: Bayesian inference for dynamical models of biological systems in R,https://besjournals.onlinelibrary.wiley.com/doi/10.1111/2041-210X.12679,2041-210X.12679,2016-10-15,15,TRUE,FALSE,https://github.com/pboesu/debinfer/issues,https://github.com/pboesu/debinfer,TRUE,deBInfer,3,1,TRUE,TRUE,2022-11-16 17:17:02,TRUE,FALSE,4639
Rphylopars: fast multivariate phylogenetic comparative methods for missing data and within-species variation,https://besjournals.onlinelibrary.wiley.com/doi/10.1111/2041-210X.12612,2041-210X.12612,2016-06-26,99,TRUE,FALSE,https://github.com/ericgoolsby/Rphylopars,https://github.com/ericgoolsby/Rphylopars,FALSE,Rphylopars,8,3,FALSE,FALSE,2022-05-09 14:13:43,TRUE,FALSE,5494
HistMapR: Rapid digitization of historical land-use maps in R,https://besjournals.onlinelibrary.wiley.com/doi/10.1111/2041-210X.12788,2041-210X.12788,2017-04-05,13,FALSE,FALSE,https://github.com/AGAuffret/HistMapR/,https://github.com/AGAuffret/HistMapR,FALSE,HistMapR,1,1,FALSE,FALSE,2021-08-16 12:21:17,FALSE,FALSE,0
Tuning Geometric Morphometrics: an r tool to reduce information loss caused by surface smoothing,https://besjournals.onlinelibrary.wiley.com/doi/10.1111/2041-210X.12576,2041-210X.12576,2016-04-08,3,TRUE,FALSE,https://github.com/zarquon42b/Morpho,https://github.com/zarquon42b/Morpho,FALSE,Morpho,3,6,FALSE,TRUE,2022-11-02 12:46:14,TRUE,FALSE,16670
Intertwining phylogenetic trees and networks,https://besjournals.onlinelibrary.wiley.com/doi/10.1111/2041-210X.12760,2041-210X.12760,2017-03-07,101,TRUE,FALSE,https://github.com/KlausVigo/phangorn,https://github.com/KlausVigo/phangorn,FALSE,phangorn,27,8,TRUE,TRUE,2022-12-14 15:39:42,TRUE,TRUE,166397
Handling biological sequences in R with the bioseq package,https://besjournals.onlinelibrary.wiley.com/doi/10.1111/2041-210X.13490,2041-210X.13490,2020-09-24,2,TRUE,TRUE,https://github.com/fkeck/bioseq,https://github.com/fkeck/bioseq,FALSE,bioseq,7,2,TRUE,TRUE,2022-09-09 12:07:21,TRUE,TRUE,5577
Analysing individual 3D tree structure using the R package ITSMe,https://besjournals.onlinelibrary.wiley.com/doi/10.1111/2041-210X.14026,2041-210X.14026,2022-11-15,0,FALSE,FALSE,https://github.com/lmterryn/ITSMe,https://github.com/lmterryn/ITSMe,FALSE,ITSMe,1,2,TRUE,TRUE,2022-12-07 08:11:25,FALSE,FALSE,0
pathtrackr: An r package for video tracking and analysing animal movement,https://besjournals.onlinelibrary.wiley.com/doi/10.1111/2041-210X.13200,2041-210X.13200,2019-04-29,8,FALSE,FALSE,https://github.com/aharmer/pathtrackr/,https://github.com/aharmer/pathtrackr,FALSE,pathtrackr,14,1,TRUE,FALSE,2022-12-05 03:22:00,FALSE,FALSE,0
The nlrx r package: A next-generation framework for reproducible NetLogo model analyses,https://besjournals.onlinelibrary.wiley.com/doi/10.1111/2041-210X.13286,2041-210X.13286,2019-08-19,19,TRUE,FALSE,https://github.com/ropensci/nlrx,https://github.com/ropensci/nlrx,FALSE,nlrx,15,9,TRUE,TRUE,2022-12-14 07:38:26,TRUE,TRUE,4372
Colonization and extinction rates estimated from temporal dynamics of ecological communities: The island r package,https://besjournals.onlinelibrary.wiley.com/doi/10.1111/2041-210X.13176,2041-210X.13176,2019-03-15,8,TRUE,FALSE,NA,NA,FALSE,island,NA,NA,NA,NA,NA,TRUE,TRUE,2141
Monitoring ecosystem degradation using spatial data and the R package spatialwarnings,https://besjournals.onlinelibrary.wiley.com/doi/10.1111/2041-210X.13058,2041-210X.13058,2018-07-02,6,TRUE,FALSE,https://github.com/spatial-ews/spatialwarnings,https://github.com/spatial-ews/spatialwarnings,FALSE,spatialwarnings,9,7,FALSE,TRUE,2022-03-20 19:10:10,TRUE,TRUE,4419
assignR: An r package for isotope-based geographic assignment,https://besjournals.onlinelibrary.wiley.com/doi/10.1111/2041-210X.13426,2041-210X.13426,2020-05-29,8,TRUE,FALSE,https://github.com/SPATIAL-Lab/assignR,https://github.com/SPATIAL-Lab/assignR,FALSE,assignR,3,2,TRUE,TRUE,2022-11-18 23:10:58,TRUE,FALSE,5741
The geodiv r package: Tools for calculating gradient surface metrics,https://besjournals.onlinelibrary.wiley.com/doi/10.1111/2041-210X.13677,2041-210X.13677,2021-07-22,0,TRUE,FALSE,https://github.com/bioXgeo/geodiv,https://github.com/bioXgeo/geodiv,FALSE,geodiv,3,3,TRUE,TRUE,2022-04-11 15:49:12,TRUE,TRUE,4587
The shape of sound: A new R package that crosses the bridge between Bioacoustics and Geometric Morphometrics,https://besjournals.onlinelibrary.wiley.com/doi/10.1111/2041-210X.13580,2041-210X.13580,2021-02-22,1,TRUE,FALSE,https://github.com/p-rocha/SoundShape,https://github.com/p-rocha/SoundShape,FALSE,SoundShape,1,1,TRUE,FALSE,2022-06-02 00:37:41,TRUE,FALSE,5304
dispRity: A modular R package for measuring disparity,https://besjournals.onlinelibrary.wiley.com/doi/10.1111/2041-210X.13022,2041-210X.13022,2018-04-28,72,TRUE,FALSE,https://github.com/tguillerme/dispRity,https://github.com/tguillerme/dispRity,FALSE,dispRity,2,6,FALSE,TRUE,2022-12-13 14:10:54,TRUE,FALSE,7642
Quantifying vegetation and canopy structural complexity from terrestrial LiDAR data using the forestr r package,https://besjournals.onlinelibrary.wiley.com/doi/10.1111/2041-210X.13061,2041-210X.13061,2018-07-07,53,TRUE,FALSE,https://github.com/atkinsjeff/forestr,https://github.com/atkinsjeff/forestr,FALSE,forestr,3,3,FALSE,FALSE,2021-07-30 17:58:45,TRUE,TRUE,3511
colorist: An r package for colouring wildlife distributions in space–time,https://besjournals.onlinelibrary.wiley.com/doi/10.1111/2041-210X.13477,2041-210X.13477,2020-08-29,0,TRUE,FALSE,https://github.com/mstrimas/colorist,https://github.com/mstrimas/colorist,FALSE,colorist,0,2,TRUE,FALSE,2021-01-20 02:50:50,TRUE,TRUE,3130
momentuHMM: R package for generalized hidden Markov models of animal movement,https://besjournals.onlinelibrary.wiley.com/doi/10.1111/2041-210X.12995,2041-210X.12995,2018-03-03,111,TRUE,FALSE,https://github.com/bmcclintock/momentuHMM,https://github.com/bmcclintock/momentuHMM,FALSE,momentuHMM,1,2,TRUE,TRUE,2022-12-15 04:18:34,TRUE,FALSE,7901
ForestGapR: An r Package for forest gap analysis from canopy height models,https://besjournals.onlinelibrary.wiley.com/doi/10.1111/2041-210X.13211,2041-210X.13211,2019-05-18,32,TRUE,FALSE,https://github.com/carlos-alberto-silva/ForestGapR,https://github.com/carlos-alberto-silva/ForestGapR,FALSE,ForestGapR,2,3,FALSE,FALSE,2022-11-15 16:29:24,FALSE,FALSE,3943
ssdm: An r package to predict distribution of species richness and composition based on stacked species distribution models,https://besjournals.onlinelibrary.wiley.com/doi/10.1111/2041-210X.12841,2041-210X.12841,2017-06-27,76,TRUE,FALSE,https://github.com/sylvainschmitt/SSDM,https://github.com/sylvainschmitt/SSDM,TRUE,SSDM,19,6,TRUE,TRUE,2021-10-26 18:36:57,TRUE,FALSE,5360
VoCC: An r package for calculating the velocity of climate change and related climatic metrics,https://besjournals.onlinelibrary.wiley.com/doi/10.1111/2041-210X.13295,2041-210X.13295,2019-09-07,20,FALSE,FALSE,https://github.com/JorGarMol/VoCC,https://github.com/JorGarMol/VoCC,FALSE,VoCC,3,2,TRUE,FALSE,2022-08-15 04:34:12,FALSE,FALSE,0
graph4lg: A package for constructing and analysing graphs for landscape genetics in R,https://besjournals.onlinelibrary.wiley.com/doi/10.1111/2041-210X.13530,2041-210X.13530,2020-11-24,7,TRUE,FALSE,NA,NA,FALSE,graph4lg,NA,NA,NA,NA,NA,TRUE,TRUE,7099
imageseg: An R package for deep learning-based image segmentation,https://besjournals.onlinelibrary.wiley.com/doi/10.1111/2041-210X.13984,2041-210X.13984,2022-10-02,0,TRUE,FALSE,https://github.com/EcoDynIZW/imageseg,https://github.com/EcoDynIZW/imageseg,FALSE,imageseg,2,1,TRUE,TRUE,2022-12-16 17:31:45,TRUE,TRUE,3197
taxonstand: An r package for species names standardisation in vegetation databases,https://besjournals.onlinelibrary.wiley.com/doi/10.1111/j.2041-210X.2012.00232.x,j.2041-210X.2012.00232.x,2012-07-05,125,TRUE,FALSE,NA,NA,FALSE,Taxonstand,NA,NA,NA,NA,NA,TRUE,FALSE,6692
abc: an R package for approximate Bayesian computation (ABC),https://besjournals.onlinelibrary.wiley.com/doi/10.1111/j.2041-210X.2011.00179.x,j.2041-210X.2011.00179.x,2012-01-31,420,FALSE,FALSE,NA,NA,FALSE,abc,NA,NA,NA,NA,NA,TRUE,TRUE,35788
"Lights, camera, pliman! An R package for plant image analysis",https://besjournals.onlinelibrary.wiley.com/doi/10.1111/2041-210X.13803,2041-210X.13803,2022-01-17,0,TRUE,FALSE,https://github.com/TiagoOlivoto/pliman,https://github.com/TiagoOlivoto/pliman,TRUE,pliman,0,1,TRUE,FALSE,2022-10-30 11:00:25,TRUE,TRUE,3518
respR—An R package for the manipulation and analysis of respirometry data,https://besjournals.onlinelibrary.wiley.com/doi/10.1111/2041-210X.13162,2041-210X.13162,2019-02-01,31,TRUE,FALSE,https://github.com/januarharianto/respR,https://github.com/januarharianto/respR,FALSE,respR,9,3,TRUE,TRUE,2022-12-18 11:21:19,TRUE,FALSE,3336
phytools: an R package for phylogenetic comparative biology (and other things),https://besjournals.onlinelibrary.wiley.com/doi/10.1111/j.2041-210X.2011.00169.x,j.2041-210X.2011.00169.x,2011-12-15,4848,TRUE,FALSE,NA,https://github.com/liamrevell/phytools,FALSE,phytools,43,3,FALSE,FALSE,2022-12-09 20:47:42,TRUE,TRUE,110008
"EcoPhyloMapper: An r package for integrating geographical ranges, phylogeny and morphology",https://besjournals.onlinelibrary.wiley.com/doi/10.1111/2041-210X.13914,2041-210X.13914,2022-06-08,0,TRUE,FALSE,NA,https://github.com/ptitle/epm,FALSE,epm,0,1,FALSE,FALSE,2022-11-23 18:53:46,TRUE,TRUE,1973
betapart: an R package for the study of beta diversity,https://besjournals.onlinelibrary.wiley.com/doi/10.1111/j.2041-210X.2012.00224.x,j.2041-210X.2012.00224.x,2012-06-18,1095,TRUE,FALSE,NA,NA,FALSE,betapart,NA,NA,NA,NA,NA,TRUE,TRUE,23753
Analysing economic costs of invasive alien species with the invacost r package,https://besjournals.onlinelibrary.wiley.com/doi/10.1111/2041-210X.13929,2041-210X.13929,2022-06-28,3,TRUE,FALSE,https://github.com/Farewe/invacost,https://github.com/Farewe/invacost,FALSE,invacost,1,2,FALSE,FALSE,2022-06-16 14:52:45,TRUE,TRUE,3272
optimLanduse: A package for multiobjective land-cover composition optimization under uncertainty,https://besjournals.onlinelibrary.wiley.com/doi/10.1111/2041-210X.14000,2041-210X.14000,2022-10-28,0,TRUE,FALSE,https://github.com/Forest-Economics-Goettingen/optimLanduse,https://github.com/Forest-Economics-Goettingen/optimLanduse,TRUE,optimLanduse,0,5,FALSE,FALSE,2022-12-05 08:59:48,TRUE,FALSE,3270
smatr 3– an R package for estimation and inference about allometric lines,https://besjournals.onlinelibrary.wiley.com/doi/10.1111/j.2041-210X.2011.00153.x,j.2041-210X.2011.00153.x,2011-09-29,910,TRUE,FALSE,NA,https://bitbucket.org/remkoduursma/smatr/src,FALSE,smatr,NA,NA,NA,NA,NA,TRUE,TRUE,9939
baRcodeR: An open-source R package for sample labelling,https://besjournals.onlinelibrary.wiley.com/doi/10.1111/2041-210X.13405,2041-210X.13405,2020-06-22,2,TRUE,FALSE,https://docs.ropensci.org/baRcodeR/,https://docs.ropensci.org/baRcodeR,TRUE,baRcodeR,NA,NA,NA,NA,NA,TRUE,FALSE,5279
"smartsnp, an r package for fast multivariate analyses of big genomic data",https://besjournals.onlinelibrary.wiley.com/doi/10.1111/2041-210X.13684,2041-210X.13684,2021-07-27,1,TRUE,FALSE,https://github.com/ChristianHuber/smartsnp,https://github.com/ChristianHuber/smartsnp,FALSE,smartsnp,2,2,TRUE,FALSE,2022-07-27 03:59:18,TRUE,FALSE,2660
“m2b” package in r: Deriving multiple variables from movement data to predict behavioural states with random forests,https://besjournals.onlinelibrary.wiley.com/doi/10.1111/2041-210X.12989,2041-210X.12989,2018-02-19,5,TRUE,FALSE,https://github.com/ldbk/m2b,https://github.com/ldbk/m2b,FALSE,m2b,0,1,TRUE,FALSE,2017-05-16 10:11:36,TRUE,FALSE,5201
Individual-based simulations of genome evolution with ancestry: The GenomeAdmixR R package,https://besjournals.onlinelibrary.wiley.com/doi/10.1111/2041-210X.13612,2041-210X.13612,2021-04-11,1,TRUE,FALSE,NA,https://github.com/thijsjanzen/GenomeAdmixR,TRUE,GenomeAdmixR,0,2,TRUE,TRUE,2022-11-16 16:30:04,TRUE,FALSE,3065
RZooRoH: An R package to characterize individual genomic autozygosity and identify homozygous-by-descent segments,https://besjournals.onlinelibrary.wiley.com/doi/10.1111/2041-210X.13167,2041-210X.13167,2019-02-17,29,FALSE,FALSE,NA,NA,FALSE,RZooRoH,NA,NA,NA,NA,NA,TRUE,FALSE,3883
Modelling temperature-dependent development rate and phenology in arthropods: The devRate package for r,https://besjournals.onlinelibrary.wiley.com/doi/10.1111/2041-210X.12935,2041-210X.12935,2017-11-09,30,TRUE,FALSE,https://github.com/frareb/devRate/,https://github.com/frareb/devRate,TRUE,devRate,0,2,TRUE,TRUE,2022-09-08 10:50:49,TRUE,FALSE,5263
An r package and online resource for macroevolutionary studies using the ray-finned fish tree of life,https://besjournals.onlinelibrary.wiley.com/doi/10.1111/2041-210X.13182,2041-210X.13182,2019-03-28,46,TRUE,FALSE,https://github.com/jonchang/fishtree,https://github.com/jonchang/fishtree,FALSE,fishtree,2,3,TRUE,TRUE,2022-12-19 12:56:37,TRUE,TRUE,4072
ResistanceGA: An R package for the optimization of resistance surfaces using genetic algorithms,https://besjournals.onlinelibrary.wiley.com/doi/10.1111/2041-210X.12984,2041-210X.12984,2018-02-14,128,FALSE,FALSE,NA,https://github.com/wpeterman/ResistanceGA,FALSE,ResistanceGA,3,3,TRUE,FALSE,2022-10-20 16:57:27,FALSE,FALSE,0
metabaR: An r package for the evaluation and improvement of DNA metabarcoding data quality,https://besjournals.onlinelibrary.wiley.com/doi/10.1111/2041-210X.13552,2041-210X.13552,2021-01-17,11,FALSE,FALSE,https://github.com/metabaRfactory/metabaR,https://github.com/metabaRfactory/metabaR,FALSE,metabaR,8,6,TRUE,FALSE,2022-11-18 09:17:08,FALSE,FALSE,0
mobsim: An r package for the simulation and measurement of biodiversity across spatial scales,https://besjournals.onlinelibrary.wiley.com/doi/10.1111/2041-210X.12986,2041-210X.12986,2018-02-16,20,TRUE,FALSE,NA,NA,FALSE,mobsim,NA,NA,NA,NA,NA,FALSE,TRUE,1768
ecochange: An R-package to derive ecosystem change indicators from freely available earth observation products,https://besjournals.onlinelibrary.wiley.com/doi/10.1111/2041-210X.13986,2041-210X.13986,2022-10-11,0,TRUE,FALSE,NA,NA,TRUE,ecochange,NA,NA,NA,NA,NA,TRUE,TRUE,4176
bmotif: A package for motif analyses of bipartite networks,https://besjournals.onlinelibrary.wiley.com/doi/10.1111/2041-210X.13149,2041-210X.13149,2019-01-12,18,FALSE,FALSE,https://github.com/SimmonsBI/bmotif,https://github.com/SimmonsBI/bmotif,TRUE,bmotif,0,1,TRUE,TRUE,2020-09-23 13:37:22,FALSE,TRUE,3961
The r package divDyn for quantifying diversity dynamics using fossil sampling data,https://besjournals.onlinelibrary.wiley.com/doi/10.1111/2041-210X.13161,2041-210X.13161,2019-01-31,36,TRUE,FALSE,NA,https://github.com/divDyn/divDyn,FALSE,divDyn,0,1,TRUE,FALSE,2022-09-07 09:05:37,TRUE,FALSE,4729
MBHdesign: An R-package for efficient spatial survey designs,https://besjournals.onlinelibrary.wiley.com/doi/10.1111/2041-210X.13535,2041-210X.13535,2020-11-30,2,TRUE,FALSE,NA,NA,FALSE,MBHdesign,NA,NA,NA,NA,NA,TRUE,FALSE,6073
flexsdm: An r package for supporting a comprehensive and flexible species distribution modelling workflow,https://besjournals.onlinelibrary.wiley.com/doi/10.1111/2041-210X.13874,2041-210X.13874,2022-04-20,1,TRUE,FALSE,https://github.com/sjevelazco/flexsdm,https://github.com/sjevelazco/flexsdm,FALSE,flexsdm,10,5,TRUE,TRUE,2022-10-25 20:28:56,FALSE,FALSE,0
rasterdiv—An Information Theory tailored R package for measuring ecosystem heterogeneity from space: To the origin and back,https://besjournals.onlinelibrary.wiley.com/doi/10.1111/2041-210X.13583,2041-210X.13583,2021-02-27,12,TRUE,FALSE,NA,https://github.com/mattmar/rasterdiv,FALSE,rasterdiv,0,1,TRUE,TRUE,2022-09-18 10:42:50,TRUE,TRUE,4393
GMSE: An r package for generalised management strategy evaluation,https://besjournals.onlinelibrary.wiley.com/doi/10.1111/2041-210X.13091,2041-210X.13091,2018-09-11,5,TRUE,FALSE,NA,https://github.com/confoobio/gmse,FALSE,GMSE,17,4,TRUE,TRUE,2022-06-15 13:49:21,TRUE,FALSE,4489
P2C2M.GMYC: An R package for assessing the utility of the Generalized Mixed Yule Coalescent model,https://besjournals.onlinelibrary.wiley.com/doi/10.1111/2041-210X.13541,2041-210X.13541,2020-12-14,4,FALSE,FALSE,https://github.com/P2C2M/P2C2M_GMYC,https://github.com/P2C2M/P2C2M_GMYC,FALSE,P2C2M.GMYC,2,2,FALSE,FALSE,2020-10-23 12:40:38,FALSE,FALSE,0
adiv: An r package to analyse biodiversity in ecology,https://besjournals.onlinelibrary.wiley.com/doi/10.1111/2041-210X.13430,2041-210X.13430,2020-06-03,36,TRUE,FALSE,NA,NA,FALSE,adiv,NA,NA,NA,NA,NA,TRUE,TRUE,9031
phenotools: An r package for visualizing and analysing phenomic datasets,https://besjournals.onlinelibrary.wiley.com/doi/10.1111/2041-210X.13217,2041-210X.13217,2019-05-24,2,TRUE,FALSE,https://github.com/celiason/phenotools,https://github.com/celiason/phenotools,FALSE,phenotools,0,1,FALSE,FALSE,2019-09-10 16:32:57,FALSE,FALSE,0
phyloregion: R package for biogeographical regionalization and macroecology,https://besjournals.onlinelibrary.wiley.com/doi/10.1111/2041-210X.13478,2041-210X.13478,2020-08-29,6,TRUE,FALSE,https://github.com/darunabas/phyloregion,https://github.com/darunabas/phyloregion,TRUE,phyloregion,7,5,TRUE,TRUE,2022-12-20 04:57:28,TRUE,TRUE,4299
track2KBA: An R package for identifying important sites for biodiversity from tracking data,https://besjournals.onlinelibrary.wiley.com/doi/10.1111/2041-210X.13713,2041-210X.13713,2021-09-06,3,FALSE,FALSE,NA,https://github.com/BirdLifeInternational/track2kba,FALSE,track2KBA,4,5,TRUE,TRUE,2022-12-14 14:48:17,TRUE,FALSE,3312
inlabru: an R package for Bayesian spatial modelling from ecological survey data,https://besjournals.onlinelibrary.wiley.com/doi/10.1111/2041-210X.13168,2041-210X.13168,2019-02-24,46,TRUE,FALSE,NA,https://github.com/inlabru-org/inlabru,FALSE,inlabru,26,11,TRUE,TRUE,2022-12-15 00:11:32,TRUE,TRUE,10178
maxnodf: An R package for fair and fast comparisons of nestedness between networks,https://besjournals.onlinelibrary.wiley.com/doi/10.1111/2041-210X.13545,2041-210X.13545,2021-01-17,4,FALSE,FALSE,https://github.com/christophhoeppke/maxnodf,https://github.com/christophhoeppke/maxnodf,TRUE,maxnodf,0,2,FALSE,TRUE,2022-05-23 15:35:12,TRUE,FALSE,2398
patternize: An R package for quantifying colour pattern variation,https://besjournals.onlinelibrary.wiley.com/doi/10.1111/2041-210X.12853,2041-210X.12853,2017-07-11,54,TRUE,FALSE,NA,https://github.com/christophhoeppke/maxnodf,FALSE,patternize,0,2,FALSE,TRUE,2022-05-23 15:35:12,TRUE,TRUE,4566
viewshed3d: An r package for quantifying 3D visibility using terrestrial lidar data,https://besjournals.onlinelibrary.wiley.com/doi/10.1111/2041-210X.13385,2041-210X.13385,2020-03-04,11,TRUE,FALSE,https://github.com/Blecigne/viewshed3d,https://github.com/Blecigne/viewshed3d,FALSE,viewshed3d,2,1,FALSE,FALSE,2022-11-01 13:18:48,FALSE,TRUE,1507
RevGadgets: An R package for visualizing Bayesian phylogenetic analyses from RevBayes,https://besjournals.onlinelibrary.wiley.com/doi/10.1111/2041-210X.13750,2041-210X.13750,2021-10-30,2,TRUE,FALSE,https://github.com/revbayes/RevGadgets,https://github.com/revbayes/RevGadgets,FALSE,RevGadgets,2,11,FALSE,TRUE,2022-12-16 20:07:46,TRUE,FALSE,796
"Rpadrino: An R package to access and use PADRINO, an open access database of Integral Projection Models",https://besjournals.onlinelibrary.wiley.com/doi/10.1111/2041-210X.13910,2041-210X.13910,2022-06-01,0,TRUE,FALSE,https://github.com/padrinoDB/Rpadrino/,https://github.com/padrinoDB/Rpadrino,TRUE,Rpadrino,0,1,TRUE,TRUE,2022-05-23 15:08:00,TRUE,FALSE,3054
Joint species distribution modelling with the r-package Hmsc,https://besjournals.onlinelibrary.wiley.com/doi/10.1111/2041-210X.13345,2041-210X.13345,2019-12-25,55,TRUE,FALSE,https://github.com/hmsc-r/HMSC,https://github.com/hmsc-r/HMSC,FALSE,HMSC,71,7,TRUE,TRUE,2022-12-12 12:23:22,FALSE,FALSE,0
Topographic path analysis for modelling dispersal and functional connectivity: Calculating topographic distances using the topoDistance r package,https://besjournals.onlinelibrary.wiley.com/doi/10.1111/2041-210X.13317,2041-210X.13317,2019-10-15,17,TRUE,FALSE,https://github.com/ianjwang/topoDistance,https://github.com/ianjwang/topoDistance,TRUE,topoDistance,1,1,TRUE,FALSE,2022-08-03 20:52:18,TRUE,FALSE,2987
"Treebase: an R package for discovery, access and manipulation of online phylogenies",https://besjournals.onlinelibrary.wiley.com/doi/10.1111/j.2041-210X.2012.00247.x,j.2041-210X.2012.00247.x,2012-10-11,9,TRUE,FALSE,NA,https://github.com/ropensci/treebase,FALSE,treebase,7,3,TRUE,TRUE,2019-12-09 19:39:58,TRUE,TRUE,4799
"Assimilate, process and analyse thermal dissipation sap flow data using the TREX r package",https://besjournals.onlinelibrary.wiley.com/doi/10.1111/2041-210X.13524,2041-210X.13524,2020-11-04,8,TRUE,FALSE,https://github.com/the-Hull/TREX,https://github.com/the-Hull/TREX,FALSE,TREX,1,1,FALSE,FALSE,2022-07-19 21:00:34,FALSE,TRUE,0
treeducken: An R package for simulating cophylogenetic systems,https://besjournals.onlinelibrary.wiley.com/doi/10.1111/2041-210X.13625,2041-210X.13625,2021-05-05,0,TRUE,FALSE,https://github.com/wadedismukes/treeducken,https://github.com/wadedismukes/treeducken,FALSE,treeducken,1,1,TRUE,TRUE,2021-08-03 18:06:11,TRUE,TRUE,4836
Unsupervised detection of ancestry tracks with the GHap r package,https://besjournals.onlinelibrary.wiley.com/doi/10.1111/2041-210X.13467,2041-210X.13467,2020-08-13,4,TRUE,FALSE,https://bitbucket.org/marcomilanesi/ghap,https://bitbucket.org/marcomilanesi/ghap/src/master,FALSE,GHap,NA,NA,NA,NA,NA,TRUE,FALSE,2466
smartR: An r package for spatial modelling of fisheries and scenario simulation of management strategies,https://besjournals.onlinelibrary.wiley.com/doi/10.1111/2041-210X.13394,2041-210X.13394,2020-03-30,5,TRUE,FALSE,https://github.com/d-lorenz/smartR/,https://github.com/d-lorenz/smartR,FALSE,smartR,0,1,TRUE,FALSE,2020-05-06 08:10:43,FALSE,FALSE,281
The ‘plantspec’ r package: A tool for spectral analysis of plant stoichiometry,https://besjournals.onlinelibrary.wiley.com/doi/10.1111/2041-210X.13143,2041-210X.13143,2019-01-04,2,FALSE,FALSE,https://github.com/griffithdan/plantspec,https://github.com/griffithdan/plantspec,FALSE,plantspec,2,1,TRUE,FALSE,2019-03-20 16:16:33,FALSE,FALSE,0
ThermStats: An R package for quantifying surface thermal heterogeneity in assessments of microclimates,https://besjournals.onlinelibrary.wiley.com/doi/10.1111/2041-210X.13257,2041-210X.13257,2019-07-05,5,FALSE,FALSE,https://github.com/rasenior/ThermStats,https://github.com/rasenior/ThermStats,FALSE,ThermStats,4,1,TRUE,TRUE,2020-10-28 16:39:05,FALSE,FALSE,0
poems: R package for simulating species' range dynamics using pattern-oriented validation,https://besjournals.onlinelibrary.wiley.com/doi/10.1111/2041-210X.13720,2041-210X.13720,2021-09-10,1,TRUE,FALSE,NA,https://github.com/GlobalEcologyLab/poems,FALSE,poems,0,3,TRUE,TRUE,2022-09-30 23:58:52,TRUE,TRUE,3282
RNETLOGO: an R package for running and exploring individual-based models implemented in NETLOGO,https://besjournals.onlinelibrary.wiley.com/doi/10.1111/j.2041-210X.2011.00180.x,j.2041-210X.2011.00180.x,2012-01-18,49,TRUE,FALSE,NA,https://rnetlogo.r-forge.r-project.org,FALSE,RNetLogo,NA,NA,NA,NA,NA,TRUE,FALSE,5081
"GPSeqClus: An R package for sequential clustering of animal location data for model building, model application and field site investigations",https://besjournals.onlinelibrary.wiley.com/doi/10.1111/2041-210X.13572,2041-210X.13572,2021-02-09,2,TRUE,FALSE,NA,NA,FALSE,GPSeqClus,NA,NA,NA,NA,NA,TRUE,FALSE,2457
rsmove—An r package to bridge remote sensing and movement ecology,https://besjournals.onlinelibrary.wiley.com/doi/10.1111/2041-210X.13199,2041-210X.13199,2019-04-29,8,TRUE,FALSE,https://github.com/RRemelgado/rsMove,https://github.com/RRemelgado/rsMove,FALSE,rsMove,1,3,TRUE,FALSE,2020-06-03 18:23:32,FALSE,FALSE,1398
blockCV: An r package for generating spatially or environmentally separated folds for k-fold cross-validation of species distribution models,https://besjournals.onlinelibrary.wiley.com/doi/10.1111/2041-210X.13107,2041-210X.13107,2018-10-12,160,FALSE,FALSE,NA,https://github.com/rvalavi/blockCV,FALSE,blockCV,4,1,TRUE,TRUE,2022-01-26 11:16:58,TRUE,FALSE,9663
abmR: An R package for agent-based model analysis of large-scale movements across taxa,https://besjournals.onlinelibrary.wiley.com/doi/10.1111/2041-210X.14014,2041-210X.14014,2022-10-31,0,TRUE,FALSE,NA,NA,FALSE,abmR,NA,NA,NA,NA,NA,TRUE,FALSE,1801
ontoFAST: An R package for interactive and semi-automatic annotation of characters with biological ontologies,https://besjournals.onlinelibrary.wiley.com/doi/10.1111/2041-210X.13753,2041-210X.13753,2021-10-30,0,TRUE,FALSE,https://github.com/sergeitarasov/ontoFAST,https://github.com/sergeitarasov/ontoFAST,TRUE,ontoFAST,2,1,FALSE,FALSE,2022-08-04 13:02:00,TRUE,FALSE,2742
biodivMapR: An r package for α- and β-diversity mapping using remotely sensed images,https://besjournals.onlinelibrary.wiley.com/doi/10.1111/2041-210X.13310,2041-210X.13310,2019-09-30,20,FALSE,FALSE,https://github.com/jbferet/biodivMapR,https://github.com/jbferet/biodivMapR,FALSE,biodivMapR,0,2,TRUE,TRUE,2022-11-14 23:56:06,FALSE,FALSE,0
"spOccupancy: An R package for single-species, multi-species, and integrated spatial occupancy models",https://besjournals.onlinelibrary.wiley.com/doi/10.1111/2041-210X.13897,2041-210X.13897,2022-05-15,0,TRUE,FALSE,NA,https://github.com/doserjef/spOccupancy,FALSE,spOccupancy,0,2,TRUE,TRUE,2022-12-08 19:12:31,TRUE,FALSE,5182
segRDA: An r package for performing piecewise redundancy analysis,https://besjournals.onlinelibrary.wiley.com/doi/10.1111/2041-210X.13300,2041-210X.13300,2019-09-17,3,TRUE,FALSE,NA,https://github.com/DaniloCVieira/segRDA,FALSE,segRDA,0,1,FALSE,FALSE,2021-09-29 19:05:59,TRUE,FALSE,2444
The r package enerscape: A general energy landscape framework for terrestrial movement ecology,https://besjournals.onlinelibrary.wiley.com/doi/10.1111/2041-210X.13734,2041-210X.13734,2021-11-02,0,TRUE,FALSE,https://github.com/emilio-berti/enerscape,https://github.com/emilio-berti/enerscape,FALSE,enerscape,2,1,TRUE,TRUE,2022-12-16 09:22:16,TRUE,TRUE,3271
metan: An R package for multi-environment trial analysis,https://besjournals.onlinelibrary.wiley.com/doi/10.1111/2041-210X.13384,2041-210X.13384,2020-03-04,81,TRUE,FALSE,https://github.com/TiagoOlivoto/metan,https://github.com/TiagoOlivoto/metan,TRUE,metan,0,2,TRUE,FALSE,2022-12-16 12:27:47,TRUE,TRUE,26543
paleobuddy: An R package for flexible simulations of diversification and fossil sampling,https://besjournals.onlinelibrary.wiley.com/doi/10.1111/2041-210X.13996,2041-210X.13996,2022-11-14,0,TRUE,FALSE,https://github.com/brpetrucci/paleobuddy,https://github.com/brpetrucci/paleobuddy,FALSE,paleobuddy,0,2,TRUE,FALSE,2022-09-27 21:58:44,TRUE,FALSE,2695
The Data-Limited Methods Toolkit (DLMtool): An R package for informing management of data-limited populations,https://besjournals.onlinelibrary.wiley.com/doi/10.1111/2041-210X.13081,2041-210X.13081,2018-08-26,28,TRUE,FALSE,https://github.com/Blue-Matter/DLMtool,https://github.com/Blue-Matter/DLMtool,TRUE,DLMtool,0,1,FALSE,TRUE,2022-06-20 15:55:09,TRUE,FALSE,10246
StrathE2E2: An r package for modelling the dynamics of marine food webs and fisheries,https://besjournals.onlinelibrary.wiley.com/doi/10.1111/2041-210X.13510,2041-210X.13510,2020-10-11,4,TRUE,FALSE,NA,https://gitlab.com/MarineResourceModelling/StrathE2E/StrathE2E2,FALSE,StrathE2E2,NA,NA,NA,NA,NA,TRUE,FALSE,2376
FlexParamCurve: R package for flexible fitting of nonlinear parametric curves,https://besjournals.onlinelibrary.wiley.com/doi/10.1111/j.2041-210X.2012.00231.x,j.2041-210X.2012.00231.x,2012-08-10,29,FALSE,FALSE,NA,NA,FALSE,FlexParamCurve,NA,NA,NA,NA,NA,TRUE,FALSE,3683
popler: An r package for extraction and synthesis of population time series from the long-term ecological research (LTER) network,https://besjournals.onlinelibrary.wiley.com/doi/10.1111/2041-210X.13319,2041-210X.13319,2019-10-16,3,FALSE,FALSE,https://github.com/ropensci/popler,https://github.com/ropensci/popler,FALSE,popler,23,5,TRUE,TRUE,2022-07-19 15:27:13,FALSE,FALSE,0
FossilSim: An r package for simulating fossil occurrence data under mechanistic models of preservation and recovery,https://besjournals.onlinelibrary.wiley.com/doi/10.1111/2041-210X.13170,2041-210X.13170,2019-03-04,9,TRUE,FALSE,https://github.com/fossilsim/fossilsim,https://github.com/fossilsim/fossilsim,FALSE,fossilsim,0,4,TRUE,FALSE,2022-09-12 21:56:04,FALSE,FALSE,0
For everything there is a season: Analysing periodic mortality patterns with the cyclomortr package,https://besjournals.onlinelibrary.wiley.com/doi/10.1111/2041-210X.13305,2041-210X.13305,2019-09-24,4,FALSE,FALSE,https://github.com/EliGurarie/cyclomort/,https://github.com/EliGurarie/cyclomort,FALSE,cyclomort,1,3,TRUE,FALSE,2020-08-20 16:16:46,TRUE,FALSE,2693
ratematrix: An R package for studying evolutionary integration among several traits on phylogenetic trees,https://besjournals.onlinelibrary.wiley.com/doi/10.1111/2041-210X.12826,2041-210X.12826,2017-05-30,25,FALSE,FALSE,https://github.com/Caetanods/ratematrix,https://github.com/Caetanods/ratematrix,FALSE,ratematrix,5,2,TRUE,FALSE,2022-06-02 17:06:08,TRUE,TRUE,3854
allodb: An R package for biomass estimation at globally distributed extratropical forest plots,https://besjournals.onlinelibrary.wiley.com/doi/10.1111/2041-210X.13756,2041-210X.13756,2021-11-07,1,FALSE,FALSE,NA,https://github.com/ropensci/allodb,TRUE,allodb,13,5,TRUE,TRUE,2021-10-21 02:47:46,FALSE,FALSE,0
popdemo: an R package for population demography using projection matrix analysis,https://besjournals.onlinelibrary.wiley.com/doi/10.1111/j.2041-210X.2012.00222.x,j.2041-210X.2012.00222.x,2012-06-11,49,TRUE,FALSE,NA,NA,FALSE,popdemo,NA,NA,NA,NA,NA,TRUE,TRUE,5685
The bien r package: A tool to access the Botanical Information and Ecology Network (BIEN) database,https://besjournals.onlinelibrary.wiley.com/doi/10.1111/2041-210X.12861,2041-210X.12861,2017-09-06,147,TRUE,FALSE,https://github.com/bmaitner/RBIEN,https://github.com/bmaitner/RBIEN,FALSE,RBIEN,28,3,TRUE,TRUE,2022-11-18 20:47:53,FALSE,FALSE,0
plantTracker: An R package to translate maps of plant occurrence into demographic data,https://besjournals.onlinelibrary.wiley.com/doi/10.1111/2041-210X.13950,2041-210X.13950,2022-08-13,0,TRUE,FALSE,https://github.com/aestears/plantTracker,https://github.com/aestears/plantTracker,FALSE,plantTracker,0,1,TRUE,TRUE,2022-11-01 18:20:25,FALSE,FALSE,0
RRPP: An r package for fitting linear models to high-dimensional data using residual randomization,https://besjournals.onlinelibrary.wiley.com/doi/10.1111/2041-210X.13029,2041-210X.13029,2018-05-12,250,TRUE,FALSE,https://github.com/mlcollyer/RRPP,https://github.com/mlcollyer/RRPP,FALSE,RRPP,2,1,TRUE,TRUE,2022-12-12 15:24:15,TRUE,FALSE,31113
"tRophicPosition, an r package for the Bayesian estimation of trophic position from consumer stable isotope ratios",https://besjournals.onlinelibrary.wiley.com/doi/10.1111/2041-210X.13009,2041-210X.13009,2018-03-30,125,TRUE,FALSE,https://github.com/clquezada/tRophicPosition,https://github.com/clquezada/tRophicPosition,FALSE,tRophicPosition,2,3,TRUE,TRUE,2022-12-12 13:48:57,TRUE,FALSE,3093
plantR: An R package and workflow for managing species records from biological collections,https://besjournals.onlinelibrary.wiley.com/doi/10.1111/2041-210X.13779,2041-210X.13779,2021-12-02,0,FALSE,FALSE,https://github.com/LimaRAF/plantR,https://github.com/LimaRAF/plantR,FALSE,plantR,9,3,TRUE,TRUE,2022-06-24 13:14:54,FALSE,FALSE,0
RBrownie: an R package for testing hypotheses about rates of evolutionary change,https://besjournals.onlinelibrary.wiley.com/doi/10.1111/j.2041-210X.2011.00112.x,j.2041-210X.2011.00112.x,2011-05-25,7,TRUE,FALSE,NA,NA,FALSE,RBrownie,NA,NA,NA,NA,NA,FALSE,FALSE,546
sensiPhy: An r-package for sensitivity analysis in phylogenetic comparative methods,https://besjournals.onlinelibrary.wiley.com/doi/10.1111/2041-210X.12990,2041-210X.12990,2018-02-26,35,TRUE,FALSE,https://github.com/paternogbc/sensiPhy,https://github.com/paternogbc/sensiPhy,FALSE,sensiPhy,2,3,TRUE,FALSE,2020-06-10 17:51:56,TRUE,FALSE,3410
The zoon r package for reproducible and shareable species distribution modelling,https://besjournals.onlinelibrary.wiley.com/doi/10.1111/2041-210X.12858,2041-210X.12858,2017-07-30,25,TRUE,FALSE,NA,https://github.com/zoonproject/zoon,FALSE,zoon,81,7,TRUE,TRUE,2020-02-28 12:37:55,TRUE,TRUE,3024
"Exploring noise, degeneracy and determinism in biological networks with the einet package",https://besjournals.onlinelibrary.wiley.com/doi/10.1111/2041-210X.13805,2041-210X.13805,2022-01-19,0,FALSE,FALSE,NA,https://github.com/travisbyrum/einet,FALSE,einet,0,2,TRUE,TRUE,2022-01-04 19:03:57,TRUE,FALSE,2258
nadiv: an R package to create relatedness matrices for estimating non-additive genetic variances in animal models,https://besjournals.onlinelibrary.wiley.com/doi/10.1111/j.2041-210X.2012.00213.x,j.2041-210X.2012.00213.x,2012-05-11,105,TRUE,FALSE,NA,https://github.com/matthewwolak/nadiv,FALSE,nadiv,0,1,FALSE,FALSE,2022-12-07 22:16:59,TRUE,TRUE,24739
phyr: An r package for phylogenetic species-distribution modelling in ecological communities,https://besjournals.onlinelibrary.wiley.com/doi/10.1111/2041-210X.13471,2041-210X.13471,2020-08-28,18,TRUE,FALSE,https://github.com/daijiang/phyr,https://github.com/daijiang/phyr,FALSE,phyr,30,5,TRUE,TRUE,2022-12-04 04:51:01,TRUE,TRUE,8662
genotypeR: An integrated r package for single nucleotide polymorphism genotype marker design and data analysis,https://besjournals.onlinelibrary.wiley.com/doi/10.1111/2041-210X.12965,2041-210X.12965,2018-01-04,0,TRUE,FALSE,https://github.com/StevisonLab/genotypeR,https://github.com/StevisonLab/genotypeR,TRUE,genotypeR,0,3,TRUE,TRUE,2018-05-26 13:27:27,FALSE,FALSE,2677
R2ucare: An r package to perform goodness-of-fit tests for capture–recapture models,https://besjournals.onlinelibrary.wiley.com/doi/10.1111/2041-210X.13014,2041-210X.13014,2018-04-18,44,TRUE,FALSE,https://github.com/oliviergimenez/R2ucare,https://github.com/oliviergimenez/R2ucare,FALSE,R2ucare,0,3,TRUE,TRUE,2022-07-12 05:07:19,TRUE,FALSE,3362
qad: An R-package to detect asymmetric and directed dependence in bivariate samples,https://besjournals.onlinelibrary.wiley.com/doi/10.1111/2041-210X.13951,2041-210X.13951,2022-08-18,0,TRUE,FALSE,https://github.com/griefl/qad,https://github.com/griefl/qad,FALSE,qad,0,1,TRUE,TRUE,2022-07-11 03:39:18,TRUE,TRUE,4556
nlstimedist: An r package for the biologically meaningful quantification of unimodal phenology distributions,https://besjournals.onlinelibrary.wiley.com/doi/10.1111/2041-210X.13293,2041-210X.13293,2019-09-03,1,TRUE,FALSE,NA,NA,FALSE,nlstimedist,NA,NA,NA,NA,NA,FALSE,TRUE,1004
ubms: An R package for fitting hierarchical occupancy and N-mixture abundance models in a Bayesian framework,https://besjournals.onlinelibrary.wiley.com/doi/10.1111/2041-210X.13777,2041-210X.13777,2021-12-02,1,TRUE,FALSE,https://github.com/kenkellner/ubms,https://github.com/kenkellner/ubms,FALSE,ubms,5,2,TRUE,TRUE,2022-11-10 15:34:09,TRUE,TRUE,4008
"Reproducible, flexible and high-throughput data extraction from primary literature: The metaDigitise r package",https://besjournals.onlinelibrary.wiley.com/doi/10.1111/2041-210X.13118,2041-210X.13118,2018-11-01,60,TRUE,FALSE,NA,https://github.com/daniel1noble/metaDigitise,FALSE,metaDigitise,12,2,TRUE,TRUE,2021-03-31 00:44:11,TRUE,FALSE,3746
r3PG – An r package for simulating forest growth using the 3-PG process-based model,https://besjournals.onlinelibrary.wiley.com/doi/10.1111/2041-210X.13474,2041-210X.13474,2020-08-28,1,TRUE,FALSE,https://github.com/trotsiuk/r3PG,https://github.com/trotsiuk/r3PG,FALSE,r3PG,16,3,TRUE,FALSE,2022-05-23 12:00:17,TRUE,FALSE,3399
econullnetr: An r package using null models to analyse the structure of ecological networks and identify resource selection,https://besjournals.onlinelibrary.wiley.com/doi/10.1111/2041-210X.12907,2041-210X.12907,2017-10-03,29,TRUE,FALSE,https://github.com/ivaughan/econullnetr,https://github.com/ivaughan/econullnetr,FALSE,econullnetr,0,1,TRUE,TRUE,2021-07-16 17:48:30,TRUE,TRUE,3829
"assignPOP: An r package for population assignment using genetic, non-genetic, or integrated data in a machine-learning framework",https://besjournals.onlinelibrary.wiley.com/doi/10.1111/2041-210X.12897,2041-210X.12897,2017-09-18,59,TRUE,FALSE,https://github.com/alexkychen/assignPOP,https://github.com/alexkychen/assignPOP,FALSE,assignPOP,18,1,FALSE,TRUE,2021-10-27 19:13:04,TRUE,FALSE,6183
Generalizing hierarchical and variation partitioning in multiple regression and canonical analyses using the rdacca.hp R package,https://besjournals.onlinelibrary.wiley.com/doi/10.1111/2041-210X.13800,2041-210X.13800,2022-01-12,8,TRUE,FALSE,https://github.com/laijiangshan/rdacca.hp,https://github.com/laijiangshan/rdacca.hp,FALSE,rdacca.hp,1,1,FALSE,FALSE,2022-04-05 14:07:33,TRUE,TRUE,8232
HMMoce: An R package for improved geolocation of archival-tagged fishes using a hidden Markov method,https://besjournals.onlinelibrary.wiley.com/doi/10.1111/2041-210X.12959,2041-210X.12959,2017-12-26,35,TRUE,FALSE,https://github.com/camrinbraun/HMMoce,https://github.com/camrinbraun/HMMoce,TRUE,HMMoce,16,3,TRUE,FALSE,2022-05-17 11:21:07,FALSE,FALSE,88
MVSE: An R-package that estimates a climate-driven mosquito-borne viral suitability index,https://besjournals.onlinelibrary.wiley.com/doi/10.1111/2041-210X.13205,2041-210X.13205,2019-05-10,12,FALSE,FALSE,NA,https://github.com/TaishiNakase/MVSE,FALSE,MVSE,0,1,FALSE,FALSE,2022-10-17 00:21:11,FALSE,FALSE,0
elementr: An R package for reducing elemental data from LA-ICPMS analysis of biological calcified structures,https://besjournals.onlinelibrary.wiley.com/doi/10.1111/2041-210X.12822,2041-210X.12822,2017-05-27,8,TRUE,FALSE,https://github.com/charlottesirot/elementR,https://github.com/charlottesirot/elementR,FALSE,elementr,8,3,FALSE,TRUE,2022-02-07 11:41:36,FALSE,FALSE,0
AcuityView: An r package for portraying the effects of visual acuity on scenes observed by an animal,https://besjournals.onlinelibrary.wiley.com/doi/10.1111/2041-210X.12911,2041-210X.12911,2017-10-09,39,TRUE,FALSE,NA,NA,FALSE,AcuityView,NA,NA,NA,NA,NA,TRUE,FALSE,4381
BaSTA: an R package for Bayesian estimation of age-specific survival from incomplete mark–recapture/recovery data with covariates,https://besjournals.onlinelibrary.wiley.com/doi/10.1111/j.2041-210X.2012.00186.x,j.2041-210X.2012.00186.x,2012-02-17,83,TRUE,FALSE,NA,NA,TRUE,BaSTA,NA,NA,NA,NA,NA,TRUE,FALSE,6023
treetop: A Shiny-based application and R package for extracting forest information from LiDAR data for ecologists and conservationists,https://besjournals.onlinelibrary.wiley.com/doi/10.1111/2041-210X.13830,2041-210X.13830,2022-02-19,0,TRUE,FALSE,https://github.com/carlos-alberto-silva/weblidar-treetop,https://github.com/carlos-alberto-silva/weblidar-treetop,TRUE,treetop,2,5,FALSE,FALSE,2022-11-12 02:55:16,FALSE,TRUE,3568
epcc: An R package to assess and simulate the vulnerability of ectothermic populations when facing climate change,https://besjournals.onlinelibrary.wiley.com/doi/10.1111/2041-210X.13816,2041-210X.13816,2022-02-08,0,TRUE,FALSE,https://github.com/Victor-Saldana/epcc,https://github.com/Victor-Saldana/epcc,FALSE,epcc,1,1,FALSE,FALSE,2021-10-29 20:47:16,TRUE,FALSE,2877
pycoalescence and rcoalescence: Packages for simulating spatially explicit neutral models of biodiversity,https://besjournals.onlinelibrary.wiley.com/doi/10.1111/2041-210X.13451,2041-210X.13451,2020-07-15,3,FALSE,FALSE,https://github.com/thompsonsed/rcoalescence,https://github.com/thompsonsed/rcoalescence,FALSE,rcoalescence,1,2,TRUE,TRUE,2021-06-25 09:11:07,FALSE,FALSE,0
paleotree: an R package for paleontological and phylogenetic analyses of evolution,https://besjournals.onlinelibrary.wiley.com/doi/10.1111/j.2041-210X.2012.00223.x,j.2041-210X.2012.00223.x,2012-06-18,291,FALSE,FALSE,NA,https://github.com/dwbapst/paleotree,FALSE,paleotree,2,2,FALSE,TRUE,2022-09-15 21:07:31,TRUE,TRUE,11726
Rcompadre and Rage—Two R packages to facilitate the use of the COMPADRE and COMADRE databases and calculation of life-history traits from matrix population models,https://github.com/thompsonsed/rcoalescence,2041-210X.13792,2021-12-21,0,FALSE,FALSE,https://github.com/jonesor/Rcompadre,https://github.com/jonesor/Rcompadre,FALSE,Rcompadre,10,7,TRUE,TRUE,2022-02-01 10:34:09,TRUE,FALSE,4378
mcera5: Driving microclimate models with ERA5 global gridded climate data,https://besjournals.onlinelibrary.wiley.com/doi/10.1111/2041-210X.13877,2041-210X.13877,2022-04-26,0,FALSE,FALSE,https://github.com/dklinges9/mcera5,https://github.com/dklinges9/mcera5,FALSE,mcera5,2,3,TRUE,FALSE,2022-11-15 21:25:09,FALSE,FALSE,0
CoordinateCleaner: Standardized cleaning of occurrence records from biological collection databases,https://besjournals.onlinelibrary.wiley.com/doi/10.1111/2041-210X.13152,2041-210X.13152,2019-01-20,217,TRUE,FALSE,https://github.com/ropensci/CoordinateCleaner,https://github.com/ropensci/CoordinateCleaner,FALSE,CoordinateCleaner,22,9,TRUE,TRUE,2022-11-07 10:45:10,TRUE,FALSE,13389
dsmextra: Extrapolation assessment tools for density surface models,https://besjournals.onlinelibrary.wiley.com/doi/10.1111/2041-210X.13469,2041-210X.13469,2020-08-19,4,TRUE,FALSE,https://github.com/densitymodelling/dsmextra,https://github.com/densitymodelling/dsmextra,FALSE,dsmextra,1,3,TRUE,TRUE,2022-02-08 14:13:59,FALSE,FALSE,0
AMMonitor: Remote monitoring of biodiversity in an adaptive framework with r,https://besjournals.onlinelibrary.wiley.com/doi/10.1111/2041-210X.13397,2041-210X.13397,2020-04-16,1,FALSE,FALSE,https://code.usgs.gov/vtcfwru/ammonitor,https://code.usgs.gov/vtcfwru/ammonitor,FALSE,AMMonitor,NA,NA,NA,NA,NA,FALSE,FALSE,0
An integrated phenology modelling framework in r,https://besjournals.onlinelibrary.wiley.com/doi/10.1111/2041-210X.12970,2041-210X.12970,2018-01-17,74,FALSE,FALSE,https://github.com/bluegreen-labs/phenor,https://github.com/bluegreen-labs/phenor,TRUE,phenor,7,5,FALSE,TRUE,2022-12-07 09:38:36,FALSE,FALSE,0
nosoi: A stochastic agent-based transmission chain simulation framework in r,https://besjournals.onlinelibrary.wiley.com/doi/10.1111/2041-210X.13422,2041-210X.13422,2020-05-28,7,TRUE,FALSE,https://github.com/slequime/nosoi,https://github.com/slequime/nosoi,FALSE,nosoi,1,4,TRUE,TRUE,2022-03-07 09:16:50,TRUE,TRUE,3737
Revticulate: An R framework for interaction with RevBayes,https://besjournals.onlinelibrary.wiley.com/doi/10.1111/2041-210X.13852,2041-210X.13852,2022-03-28,1,TRUE,FALSE,NA,https://github.com/revbayes/Revticulate,TRUE,Revticulate,0,3,TRUE,TRUE,2022-02-21 14:31:55,TRUE,FALSE,3261
MGDrivE: A modular simulation framework for the spread of gene drives through spatially explicit mosquito populations,https://besjournals.onlinelibrary.wiley.com/doi/10.1111/2041-210X.13318,2041-210X.13318,2019-10-16,21,TRUE,FALSE,https://github.com/MarshallLab/MGDrivE,https://github.com/MarshallLab/MGDrivE,FALSE,MGDrivE,0,4,FALSE,FALSE,2021-02-24 18:55:15,TRUE,FALSE,3101
Machine learning to classify animal species in camera trap images: Applications in ecology,https://besjournals.onlinelibrary.wiley.com/doi/10.1111/2041-210X.13120,2041-210X.13120,2018-11-26,157,FALSE,FALSE,https://github.com/mikeyEcology/MLWIC,https://github.com/mikeyEcology/MLWIC,FALSE,MLWIC,12,2,FALSE,FALSE,2020-08-19 20:30:44,FALSE,FALSE,0
AeRobiology: The computational tool for biological data in the air,https://besjournals.onlinelibrary.wiley.com/doi/10.1111/2041-210X.13203,2041-210X.13203,2019-05-06,38,TRUE,FALSE,NA,NA,FALSE,AeRobiology,NA,NA,NA,NA,NA,TRUE,FALSE,4803
"bdc: A toolkit for standardizing, integrating and cleaning biodiversity data",https://besjournals.onlinelibrary.wiley.com/doi/10.1111/2041-210X.13868,2041-210X.13868,2022-04-13,1,TRUE,FALSE,https://github.com/brunobrr/bdc,https://github.com/brunobrr/bdc,FALSE,bdc,3,6,TRUE,TRUE,2022-12-12 11:26:23,TRUE,TRUE,4067
lefko3: Analysing individual history through size-classified matrix population models,https://besjournals.onlinelibrary.wiley.com/doi/10.1111/2041-210X.13526,2041-210X.13526,2020-11-15,2,TRUE,FALSE,NA,https://www.sheffersonlab.com/projects,FALSE,lefko3,NA,NA,NA,NA,NA,TRUE,TRUE,6038
RNCEP: global weather and climate data at your fingertips,https://besjournals.onlinelibrary.wiley.com/doi/10.1111/j.2041-210X.2011.00138.x,j.2041-210X.2011.00138.x,2011-07-26,161,TRUE,FALSE,NA,https://sites.google.com/site/michaelukemp/home,TRUE,RNCEP,NA,NA,NA,NA,NA,TRUE,FALSE,5335
A Shiny r app to solve the problem of when to stop managing or surveying species under imperfect detection,https://besjournals.onlinelibrary.wiley.com/doi/10.1111/2041-210X.13501,2041-210X.13501,2020-10-02,2,FALSE,FALSE,https://github.com/boettiger-lab/sarsop,https://github.com/boettiger-lab/sarsop,FALSE,sarsop,1,4,FALSE,TRUE,2022-10-19 20:15:11,TRUE,TRUE,3685
soundClass: An automatic sound classification tool for biodiversity monitoring using machine learning,https://besjournals.onlinelibrary.wiley.com/doi/10.1111/2041-210X.13964,2041-210X.13964,2022-08-30,0,TRUE,FALSE,https://github.com/bmsasilva/soundClass,https://github.com/bmsasilva/soundClass,FALSE,soundClass,0,1,TRUE,FALSE,2022-12-16 10:04:23,TRUE,FALSE,2972
esdm: A tool for creating and exploring ensembles of predictions from species distribution and abundance models,https://besjournals.onlinelibrary.wiley.com/doi/10.1111/2041-210X.13283,2041-210X.13283,2019-08-14,10,TRUE,FALSE,https://github.com/smwoodman/eSDM,https://github.com/smwoodman/eSDM,FALSE,esdm,0,1,TRUE,TRUE,2022-07-13 01:14:48,FALSE,FALSE,0
microPop: Modelling microbial populations and communities in R,https://besjournals.onlinelibrary.wiley.com/doi/10.1111/2041-210X.12873,2041-210X.12873,2017-08-22,14,FALSE,FALSE,https://github.com/HelenKettle/microPop,https://github.com/HelenKettle/microPop,TRUE,microPop,1,1,TRUE,TRUE,2018-05-16 09:20:51,TRUE,FALSE,4294
The r toolbox grainscape for modelling and visualizing landscape connectivity using spatially explicit networks,https://besjournals.onlinelibrary.wiley.com/doi/10.1111/2041-210X.13350,2041-210X.13350,2020-01-18,8,TRUE,FALSE,https://github.com/achubaty/grainscape,https://github.com/achubaty/grainscape,FALSE,grainscape,8,6,TRUE,TRUE,2020-09-01 20:18:34,TRUE,TRUE,3504
ipmr: Flexible implementation of Integral Projection Models in R,https://besjournals.onlinelibrary.wiley.com/doi/10.1111/2041-210X.13683,2041-210X.13683,2021-07-22,2,TRUE,FALSE,https://github.com/levisc8/ipmr,https://github.com/levisc8/ipmr,FALSE,ipmr,13,3,TRUE,TRUE,2022-12-13 15:40:37,TRUE,TRUE,3694
trackdem: Automated particle tracking to obtain population counts and size distributions from videos in r,https://besjournals.onlinelibrary.wiley.com/doi/10.1111/2041-210X.12975,2041-210X.12975,2018-01-22,18,TRUE,FALSE,https://github.com/marjoleinbruijning/trackdem,https://github.com/marjoleinbruijning/trackdem,FALSE,trackdem,5,2,TRUE,FALSE,2021-09-24 19:29:19,TRUE,TRUE,4811
"dartR v2: An accessible genetic analysis platform for conservation, ecology and agriculture",https://besjournals.onlinelibrary.wiley.com/doi/10.1111/2041-210X.13918,2041-210X.13918,2022-06-11,0,TRUE,FALSE,https://github.com/green-striped-gecko/dartR,https://github.com/green-striped-gecko/dartR,TRUE,dartR,15,5,TRUE,FALSE,2022-12-20 07:08:28,TRUE,FALSE,15835
Functional diversity metrics using kernel density n-dimensional hypervolumes,https://besjournals.onlinelibrary.wiley.com/doi/10.1111/2041-210X.13424,2041-210X.13424,2020-05-29,31,TRUE,FALSE,https://github.com/cardosopmb/BAT,https://github.com/cardosopmb/BAT,FALSE,BAT,1,2,FALSE,FALSE,2021-08-02 14:30:24,TRUE,FALSE,15924
gllvm: Fast analysis of multivariate abundance data with generalized linear latent variable models in r,https://besjournals.onlinelibrary.wiley.com/doi/10.1111/2041-210X.13303,2041-210X.13303,2019-09-21,40,TRUE,FALSE,https://github.com/JenniNiku/gllvm,https://github.com/JenniNiku/gllvm,FALSE,gllvm,16,4,TRUE,TRUE,2022-12-19 11:35:12,TRUE,TRUE,6814
msocc: Fit and analyse computationally efficient multi-scale occupancy models in r,https://besjournals.onlinelibrary.wiley.com/doi/10.1111/2041-210X.13442,2041-210X.13442,2020-07-02,6,FALSE,FALSE,https://github.com/StrattonCh/msocc,https://github.com/StrattonCh/msocc,FALSE,msocc,2,1,FALSE,FALSE,2020-12-21 08:05:21,FALSE,FALSE,0
"babette: BEAUti 2, BEAST2 and Tracer for R",https://besjournals.onlinelibrary.wiley.com/doi/10.1111/2041-210X.13032,2041-210X.13032,2018-05-27,7,TRUE,FALSE,https://github.com/richelbilderbeek/babette,https://github.com/ropensci/babette,FALSE,babette,8,4,TRUE,TRUE,2022-08-12 08:45:40,TRUE,TRUE,5591
TreeSimGM: Simulating phylogenetic trees under general Bellman–Harris models with lineage-specific shifts of speciation and extinction in R,https://besjournals.onlinelibrary.wiley.com/doi/10.1111/2041-210X.12917,2041-210X.12917,2017-10-17,8,TRUE,FALSE,NA,NA,FALSE,TreeSimGM,NA,NA,NA,NA,NA,TRUE,FALSE,3204
Generating species assemblages for restoration and experimentation: A new method that can simultaneously converge on average trait values and maximize functional diversity,https://besjournals.onlinelibrary.wiley.com/doi/10.1111/2041-210X.13023,2041-210X.13023,2018-04-27,28,TRUE,FALSE,NA,NA,FALSE,Select,NA,NA,NA,NA,NA,TRUE,FALSE,7565
"AquaFlux: Rapid, transparent and replicable analyses of plant transpiration",https://besjournals.onlinelibrary.wiley.com/doi/10.1111/2041-210X.13309,2041-210X.13309,2019-09-30,6,FALSE,FALSE,https://github.com/HeatherSpeckman/AquaFlux,https://github.com/HeatherSpeckman/AquaFlux,FALSE,AquaFlux,1,1,FALSE,FALSE,2020-06-15 00:14:25,FALSE,FALSE,0
Refined Shortest Paths (RSP): Incorporation of topography in space use estimation from node-based telemetry data,https://besjournals.onlinelibrary.wiley.com/doi/10.1111/2041-210X.13484,2041-210X.13484,2020-09-08,7,FALSE,FALSE,https://github.com/YuriNiella/RSP,https://github.com/YuriNiella/RSP,FALSE,RSP,1,2,TRUE,TRUE,2022-08-24 17:34:20,FALSE,FALSE,0
Towards a more balanced combination of multiple traits when computing functional differences between species,https://besjournals.onlinelibrary.wiley.com/doi/10.1111/2041-210X.13537,2041-210X.13537,2020-12-03,36,TRUE,FALSE,NA,https://github.com/pavel-fibich/gawdis,FALSE,gawdis,1,0,TRUE,FALSE,2021-05-05 13:23:22,TRUE,TRUE,5359
GeoLight – processing and analysing light-based geolocator data in R,https://besjournals.onlinelibrary.wiley.com/doi/10.1111/j.2041-210X.2012.00248.x,j.2041-210X.2012.00248.x,2012-10-01,201,TRUE,FALSE,NA,https://github.com/slisovski/GeoLight,FALSE,GeoLight,2,2,TRUE,FALSE,2022-05-25 07:45:58,FALSE,FALSE,1534
cxr: A toolbox for modelling species coexistence in R,https://besjournals.onlinelibrary.wiley.com/doi/10.1111/2041-210X.13443,2041-210X.13443,2020-07-02,3,FALSE,FALSE,https://github.com/RadicalCommEcol/cxr,https://github.com/RadicalCommEcol/cxr,FALSE,cxr,3,5,TRUE,TRUE,2022-03-15 15:14:03,TRUE,FALSE,2695
Program SPACECAP: software for estimating animal density using spatially explicit capture–recapture models,https://github.com/RadicalCommEcol/cxr,j.2041-210X.2012.00241.x,2012-09-17,95,TRUE,FALSE,NA,NA,FALSE,SPACECAP,NA,NA,NA,NA,NA,FALSE,FALSE,974
Extension of the gambin model to multimodal species abundance distributions,https://besjournals.onlinelibrary.wiley.com/doi/10.1111/2041-210X.13122,2041-210X.13122,2018-11-13,4,TRUE,FALSE,https://github.com/txm676/gambin,https://github.com/txm676/gambin,FALSE,gambin,1,4,TRUE,TRUE,2022-12-12 15:19:28,TRUE,TRUE,4813
Diversitree: comparative phylogenetic analyses of diversification in R,https://besjournals.onlinelibrary.wiley.com/doi/10.1111/j.2041-210X.2012.00234.x,j.2041-210X.2012.00234.x,2012-08-06,569,TRUE,FALSE,https://github.com/richfitz/diversitree,https://github.com/richfitz/diversitree,FALSE,diversitree,14,4,FALSE,TRUE,2022-04-28 12:50:11,TRUE,TRUE,10373
embarcadero: Species distribution modelling with Bayesian additive regression trees in r,https://besjournals.onlinelibrary.wiley.com/doi/10.1111/2041-210X.13389,2041-210X.13389,2020-03-14,19,FALSE,FALSE,NA,https://github.com/cjcarlson/embarcadero,FALSE,embarcadero,8,1,TRUE,FALSE,2022-03-23 14:01:03,FALSE,FALSE,0
pavo2: New tools for the spectral and spatial analysis of colour in r,https://besjournals.onlinelibrary.wiley.com/doi/10.1111/2041-210X.13174,2041-210X.13174,2019-03-10,164,TRUE,FALSE,https://github.com/rmaia/pavo,https://github.com/rmaia/pavo,FALSE,pavo,33,5,TRUE,TRUE,2022-11-10 09:18:38,TRUE,TRUE,9368
PSPManalysis: Steady-state and bifurcation analysis of physiologically structured population models,https://besjournals.onlinelibrary.wiley.com/doi/10.1111/2041-210X.13527,2041-210X.13527,2020-11-15,4,TRUE,FALSE,NA,NA,TRUE,PSPManalysis,NA,NA,NA,NA,NA,TRUE,FALSE,3921
Conducting social network analysis with animal telemetry data: Applications and methods using spatsoc,https://besjournals.onlinelibrary.wiley.com/doi/10.1111/2041-210X.13215,2041-210X.13215,2019-05-24,21,TRUE,FALSE,https://github.com/ropensci/spatsoc,https://github.com/ropensci/spatsoc,FALSE,spatsoc,7,4,TRUE,TRUE,2022-07-26 12:55:12,TRUE,TRUE,4085
NLMR and landscapetools: An integrated environment for simulating and modifying neutral landscape models in R,https://besjournals.onlinelibrary.wiley.com/doi/10.1111/2041-210X.13076,2041-210X.13076,2018-08-15,39,TRUE,FALSE,https://github.com/ropensci/NLMR,https://github.com/ropensci/NLMR,FALSE,NLMR,18,13,TRUE,TRUE,2022-11-02 18:54:46,FALSE,FALSE,2932
PleistoDist: A toolbox for visualising and quantifying the effects of Pleistocene sea-level change on island archipelagos,https://besjournals.onlinelibrary.wiley.com/doi/10.1111/2041-210X.14024,2041-210X.14024,2022-11-05,0,TRUE,FALSE,https://github.com/g33k5p34k/PleistoDistR,https://github.com/g33k5p34k/PleistoDistR,FALSE,PleistoDist,0,2,FALSE,FALSE,2022-10-07 17:16:21,FALSE,FALSE,0
taxadb: A high-performance local taxonomic database interface,https://besjournals.onlinelibrary.wiley.com/doi/10.1111/2041-210X.13440,2041-210X.13440,2020-06-27,5,TRUE,FALSE,https://github.com/ropensci/taxadb,https://github.com/ropensci/taxadb,FALSE,taxadb,14,6,TRUE,TRUE,2022-09-12 23:36:57,TRUE,TRUE,10948
actel: Standardised analysis of acoustic telemetry data from animals moving through receiver arrays,https://besjournals.onlinelibrary.wiley.com/doi/10.1111/2041-210X.13503,2041-210X.13503,2020-10-11,0,TRUE,FALSE,https://github.com/hugomflavio/actel,https://github.com/hugomflavio/actel,TRUE,actel,7,1,TRUE,TRUE,2022-12-14 18:33:49,TRUE,TRUE,5217
steps: Software for spatially and temporally explicit population simulations,https://besjournals.onlinelibrary.wiley.com/doi/10.1111/2041-210X.13354,2041-210X.13354,2020-01-22,10,TRUE,FALSE,https://github.com/steps-dev/steps,https://github.com/steps-dev/steps,FALSE,steps,2,4,TRUE,TRUE,2022-10-06 04:02:28,TRUE,TRUE,3703
"Atlantis: A spatially explicit end-to-end marine ecosystem model with dynamically integrated physics, ecology and socio-economic modules",https://besjournals.onlinelibrary.wiley.com/doi/10.1111/2041-210X.13272,2041-210X.13272,2019-07-25,25,FALSE,FALSE,https://github.com/Atlantis-Ecosystem-Model/atlantistools,https://github.com/Atlantis-Ecosystem-Model/atlantistools,FALSE,atlantistools,15,6,TRUE,TRUE,2021-10-25 13:30:42,FALSE,TRUE,269
layeranalyzer: Inferring correlative and causal connections from time series data in r,https://besjournals.onlinelibrary.wiley.com/doi/10.1111/2041-210X.13299,2041-210X.13299,2019-09-16,4,FALSE,FALSE,https://github.com/trondreitan/layeranalyzer,https://github.com/trondreitan/layeranalyzer,FALSE,layeranalyzer,1,1,TRUE,FALSE,2022-06-28 13:02:30,FALSE,FALSE,0
polygene: Population genetics analyses for autopolyploids based on allelic phenotypes,https://besjournals.onlinelibrary.wiley.com/doi/10.1111/2041-210X.13338,2041-210X.13338,2019-11-27,16,FALSE,FALSE,https://github.com/huangkang1987/polygene,https://github.com/huangkang1987/polygene,FALSE,polygene,4,1,FALSE,FALSE,2022-10-04 18:20:39,FALSE,FALSE,0
ENMeval 2.0: Redesigned for customizable and reproducible modeling of species’ niches and distributions,https://besjournals.onlinelibrary.wiley.com/doi/10.1111/2041-210X.13628,2041-210X.13628,2021-05-13,16,TRUE,FALSE,https://github.com/jamiemkass/ENMeval,https://github.com/jamiemkass/ENMeval,FALSE,ENMeval,6,5,TRUE,TRUE,2022-11-13 22:43:30,TRUE,FALSE,31077
MOTMOT: Models of trait macroevolution on trees (an update),https://besjournals.onlinelibrary.wiley.com/doi/10.1111/2041-210X.13343,2041-210X.13343,2019-12-20,7,TRUE,FALSE,NA,https://github.com/PuttickMacroevolution/motmot,FALSE,motmot,1,1,TRUE,FALSE,2020-06-05 07:31:29,TRUE,TRUE,3368
classecol: Classifiers to understand public opinions of nature,https://besjournals.onlinelibrary.wiley.com/doi/10.1111/2041-210X.13596,2041-210X.13596,2021-03-22,4,FALSE,FALSE,https://github.com/GitTFJ/classecol,https://github.com/GitTFJ/classecol,FALSE,classecol,2,1,TRUE,FALSE,2021-03-01 09:29:06,FALSE,FALSE,0
moveVis: Animating movement trajectories in synchronicity with static or temporally dynamic environmental data in r,https://besjournals.onlinelibrary.wiley.com/doi/10.1111/2041-210X.13374,2041-210X.13374,2020-02-07,12,TRUE,FALSE,https://github.com/16eagle/moveVis,https://github.com/16eagle/moveVis,FALSE,moveVis,26,1,TRUE,TRUE,2022-10-04 15:35:10,TRUE,FALSE,8266
CladeDate: Calibration information generator for divergence time estimation,https://besjournals.onlinelibrary.wiley.com/doi/10.1111/2041-210X.13977,2041-210X.13977,2022-09-15,0,FALSE,FALSE,https://github.com/evolucionario/cladedate,https://github.com/evolucionario/cladedate,FALSE,cladedate,0,1,FALSE,FALSE,2022-10-19 05:53:40,FALSE,FALSE,0
Quantifying the impact of an inference model in Bayesian phylogenetics,https://besjournals.onlinelibrary.wiley.com/doi/10.1111/2041-210X.13514,2041-210X.13514,2020-10-17,2,FALSE,FALSE,https://github.com/richelbilderbeek/pirouette/,https://github.com/richelbilderbeek/pirouette,FALSE,pirouette,1,3,TRUE,TRUE,2022-12-13 09:15:56,FALSE,TRUE,578
Identifying flow modules in ecological networks using Infomap,https://besjournals.onlinelibrary.wiley.com/doi/10.1111/2041-210X.13569,2041-210X.13569,2021-02-10,6,FALSE,FALSE,NA,https://github.com/Ecological-Complexity-Lab/infomap_ecology_package,FALSE,infomapecology,10,5,FALSE,FALSE,2022-05-24 13:12:15,FALSE,FALSE,0
CRABS: Congruent rate analyses in birth–death scenarios,https://github.com/richelbilderbeek/pirouette/,2041-210X.13997,2022-10-12,0,TRUE,FALSE,https://github.com/afmagee/CRABS,https://github.com/afmagee/CRABS,FALSE,CRABS,1,3,TRUE,FALSE,2022-09-14 14:55:08,TRUE,FALSE,1295
Fuzzy quantification of common and rare species in ecological communities (FuzzyQ),https://besjournals.onlinelibrary.wiley.com/doi/10.1111/2041-210X.13588,2041-210X.13588,2021-03-07,4,TRUE,FALSE,NA,https://github.com/Ligophorus/FuzzyQ,FALSE,FuzzyQ,0,1,FALSE,FALSE,2021-05-31 10:10:36,TRUE,FALSE,2390
"A method for computing hourly, historical, terrain-corrected microclimate anywhere on earth",https://besjournals.onlinelibrary.wiley.com/doi/10.1111/2041-210X.13330,2041-210X.13330,2019-11-04,58,FALSE,FALSE,NA,https://github.com/mrke/NicheMapR,FALSE,NicheMapR,0,3,TRUE,FALSE,2022-12-18 20:25:20,FALSE,FALSE,0
rTPC and nls.multstart: A new pipeline to fit thermal performance curves in r,https://besjournals.onlinelibrary.wiley.com/doi/10.1111/2041-210X.13585,2041-210X.13585,2021-03-01,14,TRUE,FALSE,https://github.com/padpadpadpad/rTPC/issues,https://github.com/padpadpadpad/rTPC,FALSE,rTPC,0,2,TRUE,TRUE,2021-12-03 16:11:35,FALSE,FALSE,0
